{
"servers": [
{ "name": "香港-1", "type": "KVM", "host": "None", "location": "HK", "online4": true, "online6": false, "uptime": "09:30:26", "load": 0.00, "network_rx": 237, "network_tx": 436, "network_in": 2664171299, "network_out": 2838537237, "cpu": 0, "memory_total": 608672, "memory_used": 228248, "swap_total": 0, "swap_used": 0, "hdd_total": 10014, "hdd_used": 1666, "custom": "" },
{ "name": "香港-2", "type": "KVM", "host": "None", "location": "HK", "online4": true, "online6": false, "uptime": "08:41:24", "load": 2.00, "network_rx": 252318, "network_tx": 253819, "network_in": 1895139012, "network_out": 1914511416, "cpu": 4, "memory_total": 602280, "memory_used": 303296, "swap_total": 0, "swap_used": 0, "hdd_total": 9951, "hdd_used": 2025, "custom": "" },
{ "name": "台湾-1", "type": "KVM", "host": "None", "location": "TW", "online4": true, "online6": false, "uptime": "00:15:35", "load": 1.00, "network_rx": 106, "network_tx": 316, "network_in": 80328330, "network_out": 896789, "cpu": 0, "memory_total": 601968, "memory_used": 215752, "swap_total": 0, "swap_used": 0, "hdd_total": 10229, "hdd_used": 2062, "custom": "" },
{ "name": "台湾-2", "type": "KVM", "host": "None", "location": "TW", "online4": true, "online6": false, "uptime": "00:15:33", "load": 0.00, "network_rx": 106, "network_tx": 316, "network_in": 70035342, "network_out": 785037, "cpu": 1, "memory_total": 601968, "memory_used": 213952, "swap_total": 0, "swap_used": 0, "hdd_total": 10229, "hdd_used": 2052, "custom": "" },
{ "name": "韩国-1", "type": "KVM", "host": "None", "location": "KR", "online4": true, "online6": false, "uptime": "08:33:32", "load": 0.00, "network_rx": 520, "network_tx": 1325, "network_in": 571656003, "network_out": 511084398, "cpu": 0, "memory_total": 1014020, "memory_used": 210792, "swap_total": 0, "swap_used": 0, "hdd_total": 40949, "hdd_used": 1754, "custom": "" },
{ "name": "韩国-2", "type": "KVM", "host": "None", "location": "KR", "online4": true, "online6": false, "uptime": "08:11:44", "load": 0.00, "network_rx": 117, "network_tx": 334, "network_in": 40020877, "network_out": 13189256, "cpu": 0, "memory_total": 1014020, "memory_used": 178760, "swap_total": 0, "swap_used": 0, "hdd_total": 40949, "hdd_used": 1640, "custom": "" },
{ "name": "日本-1", "type": "KVM", "host": "None", "location": "JP", "online4": true, "online6": false, "uptime": "06:20:49", "load": 1.00, "network_rx": 17882, "network_tx": 42576, "network_in": 4176484452, "network_out": 3905231251, "cpu": 0, "memory_total": 1013868, "memory_used": 177336, "swap_total": 1048572, "swap_used": 0, "hdd_total": 40949, "hdd_used": 3761, "custom": "" },
{ "name": "日本-2", "type": "KVM", "host": "None", "location": "JP", "online4": true, "online6": false, "uptime": "08:11:42", "load": 0.00, "network_rx": 1393, "network_tx": 985, "network_in": 1389957214, "network_out": 1451196447, "cpu": 3, "memory_total": 1014020, "memory_used": 197952, "swap_total": 0, "swap_used": 0, "hdd_total": 40949, "hdd_used": 1659, "custom": "" },
{ "name": "新加坡-1", "type": "KVM", "host": "None", "location": "SG", "online4": true, "online6": false, "uptime": "08:11:40", "load": 0.00, "network_rx": 117, "network_tx": 333, "network_in": 40924739, "network_out": 14312368, "cpu": 0, "memory_total": 1014020, "memory_used": 181608, "swap_total": 0, "swap_used": 0, "hdd_total": 40949, "hdd_used": 1642, "custom": "" }
],
"updated": "1542903245"
}